{
    "NSGA_II": [
        [
            0.6150434907609474,
            0.3325977560380987,
            0.21147629234082627
        ],
        [
            0.5130468089629411,
            0.33622289696461166,
            0.08849531663975857
        ],
        [
            0.5408204553168457,
            0.3786622219133242,
            0.03735498337802161
        ],
        [
            0.6229284573869719,
            0.33706895171902074,
            0.0
        ],
        [
            0.5860628148613848,
            0.33449755197620945,
            0.21147629234082627
        ],
        [
            0.5682716318084945,
            0.3587509598529434,
            0.04761197995980717
        ],
        [
            0.5693006812106697,
            0.3718701902796143,
            0.0
        ],
        [
            0.5442734969307,
            0.36235085195671424,
            0.08183991091458383
        ],
        [
            0.543312201993295,
            0.37044713535938023,
            0.03735498337802161
        ],
        [
            0.5688731373251666,
            0.3456746858291653,
            0.08052150546641823
        ],
        [
            0.5863562402526477,
            0.34874218320191275,
            0.0
        ],
        [
            0.5939477814874092,
            0.3396172058273744,
            0.0
        ],
        [
            0.6075059302953378,
            0.3376956345085147,
            0.0
        ],
        [
            0.5996209636693132,
            0.3328677191496863,
            0.21147629234082627
        ]
    ],
    "MOEAD_PLUS": [
        [
            0.6246914343211168,
            0.43133428722616074,
            0.058090083536575944
        ],
        [
            0.6157585067809432,
            0.36361566658315375,
            0.10971659514273668
        ],
        [
            0.5990688683621403,
            0.3736455678469297,
            0.14176967650173072
        ],
        [
            0.6668065498512067,
            0.4068844386055908,
            0.0
        ],
        [
            0.6180179940607159,
            0.3057418088274999,
            0.08891001985291892
        ],
        [
            0.6322935291327848,
            0.2963576668523327,
            0.001936736519996598
        ],
        [
            0.6424469846286307,
            0.29130862597651924,
            0.001936736519996598
        ],
        [
            0.6565595166339321,
            0.28473331057383544,
            0.001936736519996598
        ],
        [
            0.6294449584046155,
            0.36158713030903633,
            0.001936736519996598
        ],
        [
            0.6477668672556295,
            0.28913087546796296,
            0.001936736519996598
        ],
        [
            0.6410861785110874,
            0.2925343825557536,
            0.001936736519996598
        ],
        [
            0.6579203227514754,
            0.2833995347826722,
            0.001936736519996598
        ],
        [
            0.666712972129778,
            0.27859134905483746,
            0.001936736519996598
        ],
        [
            0.6512396340069333,
            0.28710740550382696,
            0.001936736519996598
        ],
        [
            0.6750400933451945,
            0.3398765922403229,
            0.0
        ]
    ],
    "MOEAD_PAPER": [
        [
            0.669096579572884,
            0.29616728153454996,
            0.06144568455321525
        ],
        [
            0.6663676207254752,
            0.2964637956776729,
            0.06144568455321525
        ],
        [
            0.616004632129944,
            0.36024970426771175,
            0.04019113639182311
        ],
        [
            0.6793682009577084,
            0.29601347504256553,
            0.06144568455321525
        ],
        [
            0.648541723096492,
            0.29721217059335575,
            0.0
        ],
        [
            0.6553795306941324,
            0.2969412768356887,
            0.15107036393764214
        ],
        [
            0.5549386871705211,
            0.3152955929322257,
            0.1926166130528097
        ],
        [
            0.5962089466614822,
            0.29557196836368616,
            0.1883880588960734
        ],
        [
            0.6236316135745066,
            0.3072142531779027,
            0.09349546490617763
        ],
        [
            0.624057551271079,
            0.29806856793393754,
            0.030023949443364645
        ],
        [
            0.6429027705672375,
            0.4144610290641371,
            0.0
        ],
        [
            0.6181430148643982,
            0.3031906944567606,
            0.11741726103798375
        ],
        [
            0.5952595835007842,
            0.31106812101666537,
            0.14044990298609453
        ],
        [
            0.6068530813082541,
            0.34881611382085337,
            0.07089981147855211
        ]
    ],
    "PFG_MOEA": [
        [
            0.67820724101864,
            0.32928890528861077,
            0.0
        ],
        [
            0.5014460762743753,
            0.3365852336209336,
            0.0
        ],
        [
            0.6414044068045499,
            0.33472326756322646,
            0.01805402542030651
        ],
        [
            0.5559716826343543,
            0.32272648632672685,
            0.02091470199860978
        ],
        [
            0.6410265029859953,
            0.3138098268525671,
            0.03459028592244405
        ],
        [
            0.5982228032509621,
            0.29121030655293473,
            0.09453938421898744
        ],
        [
            0.5820182954011769,
            0.31250527454495625,
            0.10635647025003458
        ],
        [
            0.5268623562179898,
            0.32485391972377564,
            0.1066428683434597
        ],
        [
            0.5703402020908354,
            0.3222903877620024,
            0.19705939855226923
        ],
        [
            0.5583824493556135,
            0.3015509153699735,
            0.19942082006254785
        ],
        [
            0.6106922363261866,
            0.2799264935787837,
            0.33577537196504526
        ]
    ]
}