type_node,MOEA/D_mean,MOEA/D_std,MOEA/D+_mean,MOEA/D+_std,NSGA-II_mean,NSGA-II_std,PFG-EMOA_mean,PFG-EMOA_std
LC_2,197.23237201432744,125.81915417821723,203.31579962752073,140.4276399574556,386.72181302931057,113.4794438147247,470.1126931418603,163.84294638852245
LC_4,382.2042707421773,198.50157240719713,364.4777481779737,219.71766040201106,662.1652107919798,232.59495627645464,908.3018720254025,226.89301427854963
LC_8,1214.918622968725,640.3049276933486,1387.692187704917,418.99091506848083,2192.899283674377,483.65363076181063,2919.323067171679,488.66271130249754
LR_2,195.00428623664052,82.36782860226418,207.77097298982306,93.5937477179574,356.7981896233775,78.87193688477302,463.5038956349225,72.0751182195131
LR_4,457.1005495072651,244.60033610184652,459.20175975213004,195.09954310377336,799.909974195043,130.28696387305243,1005.1584628880348,164.64685108996315
LR_8,1310.4264935960223,620.3201758249191,1302.8317162420233,648.9639954805132,2604.639369922162,452.115448402506,3230.2863714791742,586.830828276503
LRC_2,242.59247062167174,98.02024708896057,280.23518997926556,94.12876460277802,412.1379590352456,87.16764236535471,480.54410559246674,140.05313447528408
LRC_4,535.0233699994244,201.14847627444482,539.9901068199822,223.6895958962966,739.2813083318603,245.3598052866824,1014.1095347712146,224.0575619046346
LRC_8,1472.5502503978307,584.0063861345766,1368.9502523642134,685.0729905775657,2740.1874974295597,399.83438063922387,3232.6668540342707,535.9563326679947
