type_node,MOEA/D_mean,MOEA/D_std,MOEA/D+_mean,MOEA/D+_std,NSGA-II_mean,NSGA-II_std,PFG-EMOA_mean,PFG-EMOA_std
LC_2,0.11956413939999999,0.03740775397050717,0.12782811475,0.03912594339831701,0.2404488712,0.07214992622787458,0.3431705974,0.07358080673396165
LC_4,0.0590066007,0.028604272491767925,0.057411172749999996,0.02505816407222036,0.1284607447,0.05931334318497308,0.19494875839999998,0.07784330329203636
LC_8,0.02104620045,0.010396701619203695,0.02432274065,0.012501231502029466,0.06029281475,0.03521794580753228,0.0993121484,0.049458568967641156
LR_2,0.0960226228,0.040288950564722016,0.1062464498,0.03338788318296064,0.1917940733,0.08351307695074232,0.24563485455,0.09616150001238713
LR_4,0.0509741939,0.022483346139905148,0.05618720655,0.025846349566538068,0.11754296154999999,0.06052214790136965,0.1608404598,0.07158296040288092
LR_8,0.024829899199999998,0.012931420817587802,0.0256411122,0.013141316615448423,0.06046719815,0.034802094638914094,0.10390301669999999,0.04886975347185428
LRC_2,0.10295089115,0.039339958544125565,0.11616985735,0.03783877994561079,0.1973816179,0.08576886707987919,0.28187724315,0.0974488811783304
LRC_4,0.0424068491,0.020010260531060607,0.04602347995,0.018054046441531003,0.0961017352,0.034888249032570096,0.1505715319,0.06560631367267157
LRC_8,0.019927202999999998,0.00769070725679584,0.0222962243,0.006419447809397465,0.05234282025,0.02476872004749671,0.09255980975,0.033734298752569454
